-- MySQL dump 10.13  Distrib 8.0.43, for macos15 (x86_64)
--
-- Host: 127.0.0.1    Database: hospital_management
-- ------------------------------------------------------
-- Server version	9.3.0

/*!40101 SET @OLD_CHARACTER_SET_CLIENT=@@CHARACTER_SET_CLIENT */;
/*!40101 SET @OLD_CHARACTER_SET_RESULTS=@@CHARACTER_SET_RESULTS */;
/*!40101 SET @OLD_COLLATION_CONNECTION=@@COLLATION_CONNECTION */;
/*!50503 SET NAMES utf8 */;
/*!40103 SET @OLD_TIME_ZONE=@@TIME_ZONE */;
/*!40103 SET TIME_ZONE='+00:00' */;
/*!40014 SET @OLD_UNIQUE_CHECKS=@@UNIQUE_CHECKS, UNIQUE_CHECKS=0 */;
/*!40014 SET @OLD_FOREIGN_KEY_CHECKS=@@FOREIGN_KEY_CHECKS, FOREIGN_KEY_CHECKS=0 */;
/*!40101 SET @OLD_SQL_MODE=@@SQL_MODE, SQL_MODE='NO_AUTO_VALUE_ON_ZERO' */;
/*!40111 SET @OLD_SQL_NOTES=@@SQL_NOTES, SQL_NOTES=0 */;

--
-- Table structure for table `appointments`
--

DROP TABLE IF EXISTS `appointments`;
/*!40101 SET @saved_cs_client     = @@character_set_client */;
/*!50503 SET character_set_client = utf8mb4 */;
CREATE TABLE `appointments` (
  `appointment_id` int NOT NULL,
  `patient_id` int DEFAULT NULL,
  `doctor_id` int DEFAULT NULL,
  `appointment_date` date DEFAULT NULL,
  `status` varchar(20) DEFAULT NULL,
  `fee` decimal(10,2) DEFAULT NULL,
  PRIMARY KEY (`appointment_id`),
  KEY `patient_id` (`patient_id`),
  KEY `doctor_id` (`doctor_id`),
  CONSTRAINT `appointments_ibfk_1` FOREIGN KEY (`patient_id`) REFERENCES `patients` (`patient_id`),
  CONSTRAINT `appointments_ibfk_2` FOREIGN KEY (`doctor_id`) REFERENCES `doctors` (`doctor_id`)
) ENGINE=InnoDB DEFAULT CHARSET=utf8mb4 COLLATE=utf8mb4_0900_ai_ci;
/*!40101 SET character_set_client = @saved_cs_client */;

--
-- Dumping data for table `appointments`
--

LOCK TABLES `appointments` WRITE;
/*!40000 ALTER TABLE `appointments` DISABLE KEYS */;
INSERT INTO `appointments` VALUES (1001,1,101,'2025-10-10','Completed',800.00),(1002,2,102,'2025-10-12','Completed',500.00),(1003,3,101,'2025-10-15','Cancelled',0.00),(1004,4,103,'2025-10-18','Completed',1200.00),(1005,5,104,'2025-10-20','Completed',700.00),(1006,1,102,'2025-10-25','Completed',600.00);
/*!40000 ALTER TABLE `appointments` ENABLE KEYS */;
UNLOCK TABLES;

--
-- Table structure for table `doctors`
--

DROP TABLE IF EXISTS `doctors`;
/*!40101 SET @saved_cs_client     = @@character_set_client */;
/*!50503 SET character_set_client = utf8mb4 */;
CREATE TABLE `doctors` (
  `doctor_id` int NOT NULL,
  `name` varchar(50) DEFAULT NULL,
  `specialization` varchar(50) DEFAULT NULL,
  PRIMARY KEY (`doctor_id`)
) ENGINE=InnoDB DEFAULT CHARSET=utf8mb4 COLLATE=utf8mb4_0900_ai_ci;
/*!40101 SET character_set_client = @saved_cs_client */;

--
-- Dumping data for table `doctors`
--

LOCK TABLES `doctors` WRITE;
/*!40000 ALTER TABLE `doctors` DISABLE KEYS */;
INSERT INTO `doctors` VALUES (101,'Dr. Arjun Desai','Cardiologist'),(102,'Dr. Kavita Rao','Dermatologist'),(103,'Dr. Nitin Joshi','Neurologist'),(104,'Dr. Sneha Kapoor','Pediatrician');
/*!40000 ALTER TABLE `doctors` ENABLE KEYS */;
UNLOCK TABLES;

--
-- Table structure for table `patients`
--

DROP TABLE IF EXISTS `patients`;
/*!40101 SET @saved_cs_client     = @@character_set_client */;
/*!50503 SET character_set_client = utf8mb4 */;
CREATE TABLE `patients` (
  `patient_id` int NOT NULL,
  `name` varchar(50) DEFAULT NULL,
  `age` int DEFAULT NULL,
  `city` varchar(50) DEFAULT NULL,
  PRIMARY KEY (`patient_id`)
) ENGINE=InnoDB DEFAULT CHARSET=utf8mb4 COLLATE=utf8mb4_0900_ai_ci;
/*!40101 SET character_set_client = @saved_cs_client */;

--
-- Dumping data for table `patients`
--

LOCK TABLES `patients` WRITE;
/*!40000 ALTER TABLE `patients` DISABLE KEYS */;
INSERT INTO `patients` VALUES (1,'Amit Sharma',34,'Delhi'),(2,'Priya Mehta',28,'Mumbai'),(3,'Rahul Verma',45,'Chennai'),(4,'Neha Gupta',30,'Bangalore'),(5,'Rohit Singh',52,'Pune');
/*!40000 ALTER TABLE `patients` ENABLE KEYS */;
UNLOCK TABLES;

--
-- Table structure for table `prescriptions`
--

DROP TABLE IF EXISTS `prescriptions`;
/*!40101 SET @saved_cs_client     = @@character_set_client */;
/*!50503 SET character_set_client = utf8mb4 */;
CREATE TABLE `prescriptions` (
  `prescription_id` int NOT NULL,
  `appointment_id` int DEFAULT NULL,
  `medicine_name` varchar(50) DEFAULT NULL,
  `dosage` varchar(20) DEFAULT NULL,
  PRIMARY KEY (`prescription_id`),
  KEY `appointment_id` (`appointment_id`),
  CONSTRAINT `prescriptions_ibfk_1` FOREIGN KEY (`appointment_id`) REFERENCES `appointments` (`appointment_id`)
) ENGINE=InnoDB DEFAULT CHARSET=utf8mb4 COLLATE=utf8mb4_0900_ai_ci;
/*!40101 SET character_set_client = @saved_cs_client */;

--
-- Dumping data for table `prescriptions`
--

LOCK TABLES `prescriptions` WRITE;
/*!40000 ALTER TABLE `prescriptions` DISABLE KEYS */;
INSERT INTO `prescriptions` VALUES (2001,1001,'Aspirin','1 tablet/day'),(2002,1002,'Cetirizine','1 tablet/night'),(2003,1004,'Paracetamol','2 tablet/day'),(2004,1005,'Amoxicillin','3 tablet/day'),(2005,1006,'Calamine Lotion','Apply twice/day');
/*!40000 ALTER TABLE `prescriptions` ENABLE KEYS */;
UNLOCK TABLES;
/*!40103 SET TIME_ZONE=@OLD_TIME_ZONE */;

/*!40101 SET SQL_MODE=@OLD_SQL_MODE */;
/*!40014 SET FOREIGN_KEY_CHECKS=@OLD_FOREIGN_KEY_CHECKS */;
/*!40014 SET UNIQUE_CHECKS=@OLD_UNIQUE_CHECKS */;
/*!40101 SET CHARACTER_SET_CLIENT=@OLD_CHARACTER_SET_CLIENT */;
/*!40101 SET CHARACTER_SET_RESULTS=@OLD_CHARACTER_SET_RESULTS */;
/*!40101 SET COLLATION_CONNECTION=@OLD_COLLATION_CONNECTION */;
/*!40111 SET SQL_NOTES=@OLD_SQL_NOTES */;

-- Dump completed on 2025-12-09 15:51:47
